PassengerId,Survived,Pclass,Sex,Age,SibSp,Parch,Fare,Embarked
1,0,0.8273772438659699,1,-0.5657364610748746,0.4327933656785018,-0.4736736092984604,-0.5024451714361923,2
3,1,0.8273772438659699,0,-0.2583370877897099,-0.47454519624983954,-0.4736736092984604,-0.4888542575852486,2
4,1,-1.5661069258891576,0,0.4333115021019107,0.4327933656785018,-0.4736736092984604,0.4207302360686478,2
5,0,0.8273772438659699,1,0.4333115021019107,-0.47454519624983954,-0.4736736092984604,-0.4863374216869257,2
6,0,0.8273772438659699,1,-0.10463740114712752,-0.47454519624983954,-0.4736736092984604,-0.47811642890864375,1
7,0,-1.5661069258891576,1,1.893458525206443,-0.47454519624983954,-0.4736736092984604,0.395813560675251,2
10,1,-0.3693648410115938,0,-1.180535207645204,0.4327933656785018,-0.4736736092984604,-0.04295550208861426,0
13,0,0.8273772438659699,1,-0.719436147717457,-0.47454519624983954,-0.4736736092984604,-0.4863374216869257,2
15,0,0.8273772438659699,0,-1.180535207645204,-0.47454519624983954,-0.4736736092984604,-0.4902797934380587,2
18,1,-0.3693648410115938,1,-0.10463740114712752,-0.47454519624983954,-0.4736736092984604,-0.3866707201133388,2
19,0,0.8273772438659699,0,0.12591212881674602,0.4327933656785018,-0.4736736092984604,-0.2859972841804228,2
20,1,0.8273772438659699,0,-0.10463740114712752,-0.47454519624983954,-0.4736736092984604,-0.5029485386158568,0
21,0,-0.3693648410115938,1,0.4333115021019107,-0.47454519624983954,-0.4736736092984604,-0.12491978668775715,2
22,1,-0.3693648410115938,1,0.35646165878061953,-0.47454519624983954,-0.4736736092984604,-0.3866707201133388,2
23,1,0.8273772438659699,0,-1.1036853643239128,-0.47454519624983954,-0.4736736092984604,-0.4867562231804066,1
24,1,-1.5661069258891576,1,-0.10463740114712752,-0.47454519624983954,-0.4736736092984604,0.06635974158478332,2
27,0,0.8273772438659699,1,-0.10463740114712752,-0.47454519624983954,-0.4736736092984604,-0.5029485386158568,0
29,1,0.8273772438659699,0,-0.10463740114712752,-0.47454519624983954,-0.4736736092984604,-0.48977642625839407,1
30,0,0.8273772438659699,1,-0.10463740114712752,-0.47454519624983954,-0.4736736092984604,-0.4894421904510968,2
31,0,-1.5661069258891576,1,0.8175607187083667,-0.47454519624983954,-0.4736736092984604,-0.09027201697708476,0
33,1,0.8273772438659699,0,-0.10463740114712752,-0.47454519624983954,-0.4736736092984604,-0.49237782784290063,1
36,0,-1.5661069258891576,1,0.9712604053509489,0.4327933656785018,-0.4736736092984604,0.39858208016340624,2
37,1,0.8273772438659699,1,-0.10463740114712752,-0.47454519624983954,-0.4736736092984604,-0.5028639729296732,0
38,0,0.8273772438659699,1,-0.6425863043961658,-0.47454519624983954,-0.4736736092984604,-0.4863374216869257,2
39,0,0.8273772438659699,0,-0.8731358343600393,1.340131927606843,-0.4736736092984604,-0.2859972841804228,2
40,1,0.8273772438659699,0,-1.180535207645204,0.4327933656785018,-0.4736736092984604,-0.42207354059350805,0
41,0,0.8273772438659699,0,0.8175607187083667,0.4327933656785018,-0.4736736092984604,-0.4576454924460446,2
42,0,-0.3693648410115938,0,-0.1814872444684187,0.4327933656785018,-0.4736736092984604,-0.22559322262067316,2
43,0,0.8273772438659699,1,-0.10463740114712752,-0.47454519624983954,-0.4736736092984604,-0.4894421904510968,0
45,1,0.8273772438659699,0,-0.7962859910387481,-0.47454519624983954,-0.4736736092984604,-0.48977642625839407,1
46,0,0.8273772438659699,1,-0.10463740114712752,-0.47454519624983954,-0.4736736092984604,-0.4863374216869257,2
47,0,0.8273772438659699,1,-0.10463740114712752,0.4327933656785018,-0.4736736092984604,-0.3363340021468808,1
48,1,0.8273772438659699,0,-0.10463740114712752,-0.47454519624983954,-0.4736736092984604,-0.49237782784290063,1
49,0,0.8273772438659699,1,-0.10463740114712752,1.340131927606843,-0.4736736092984604,-0.21191774308354583,0
50,0,0.8273772438659699,0,-0.8731358343600393,0.4327933656785018,-0.4736736092984604,-0.29002422161773944,2
52,0,0.8273772438659699,1,-0.6425863043961658,-0.47454519624983954,-0.4736736092984604,-0.4913710934835715,2
54,1,-0.3693648410115938,0,-0.027787557825836348,0.4327933656785018,-0.4736736092984604,-0.12491978668775715,2
56,1,-1.5661069258891576,1,-0.10463740114712752,-0.47454519624983954,-0.4736736092984604,0.06635974158478332,2
57,1,-0.3693648410115938,0,-0.6425863043961658,-0.47454519624983954,-0.4736736092984604,-0.43700743807979686,2
58,0,0.8273772438659699,1,-0.06621247948648194,-0.47454519624983954,-0.4736736092984604,-0.5028639729296732,0
61,0,0.8273772438659699,1,-0.5657364610748746,-0.47454519624983954,-0.4736736092984604,-0.5028639729296732,0
65,0,-1.5661069258891576,1,-0.10463740114712752,-0.47454519624983954,-0.4736736092984604,-0.09027201697708476,0
67,1,-0.3693648410115938,0,-0.027787557825836348,-0.47454519624983954,-0.4736736092984604,-0.43700743807979686,2
68,0,0.8273772438659699,1,-0.7962859910387481,-0.47454519624983954,-0.4736736092984604,-0.4841568350646187,2
70,0,0.8273772438659699,1,-0.2583370877897099,1.340131927606843,-0.4736736092984604,-0.47400492578514347,2
71,0,-0.3693648410115938,1,0.20276197213803718,-0.47454519624983954,-0.4736736092984604,-0.43700743807979686,2
74,0,0.8273772438659699,1,-0.2583370877897099,0.4327933656785018,-0.4736736092984604,-0.3573908580066095,0
76,0,0.8273772438659699,1,-0.33518693111100106,-0.47454519624983954,-0.4736736092984604,-0.494391296561559,2
77,0,0.8273772438659699,1,-0.10463740114712752,-0.47454519624983954,-0.4736736092984604,-0.4894421904510968,2
78,0,0.8273772438659699,1,-0.10463740114712752,-0.47454519624983954,-0.4736736092984604,-0.4863374216869257,2
80,1,0.8273772438659699,0,0.04906228549545483,-0.47454519624983954,-0.4736736092984604,-0.397241430886295,2
81,0,0.8273772438659699,1,-0.5657364610748746,-0.47454519624983954,-0.4736736092984604,-0.46720946885967163,2
82,1,0.8273772438659699,1,-0.027787557825836348,-0.47454519624983954,-0.4736736092984604,-0.45714212526638004,2
83,1,0.8273772438659699,0,-0.10463740114712752,-0.47454519624983954,-0.4736736092984604,-0.49162277707340374,1
84,0,-1.5661069258891576,1,-0.10463740114712752,-0.47454519624983954,-0.4736736092984604,0.29992211294914856,2
85,1,-0.3693648410115938,0,-0.9499856776813305,-0.47454519624983954,-0.4736736092984604,-0.43700743807979686,2
88,0,0.8273772438659699,1,-0.10463740114712752,-0.47454519624983954,-0.4736736092984604,-0.4863374216869257,2
90,0,0.8273772438659699,1,-0.41203677443229225,-0.47454519624983954,-0.4736736092984604,-0.4863374216869257,2
91,0,0.8273772438659699,1,-0.027787557825836348,-0.47454519624983954,-0.4736736092984604,-0.4863374216869257,2
92,0,0.8273772438659699,1,-0.719436147717457,-0.47454519624983954,-0.4736736092984604,-0.4902797934380587,2
96,0,0.8273772438659699,1,-0.10463740114712752,-0.47454519624983954,-0.4736736092984604,-0.4863374216869257,2
100,0,-0.3693648410115938,1,0.35646165878061953,0.4327933656785018,-0.4736736092984604,-0.12491978668775715,2
101,0,0.8273772438659699,0,-0.10463740114712752,-0.47454519624983954,-0.4736736092984604,-0.4894421904510968,2
102,0,0.8273772438659699,1,-0.10463740114712752,-0.47454519624983954,-0.4736736092984604,-0.4894421904510968,2
104,0,0.8273772438659699,1,0.27961181545932834,-0.47454519624983954,-0.4736736092984604,-0.4741720436887921,2
105,0,0.8273772438659699,1,0.5870111887444931,1.340131927606843,-0.4736736092984604,-0.4888542575852486,2
106,0,0.8273772438659699,1,-0.10463740114712752,-0.47454519624983954,-0.4736736092984604,-0.4894421904510968,2
107,1,0.8273772438659699,0,-0.6425863043961658,-0.47454519624983954,-0.4736736092984604,-0.494391296561559,2
108,1,0.8273772438659699,1,-0.10463740114712752,-0.47454519624983954,-0.4736736092984604,-0.4918744606632361,2
109,0,0.8273772438659699,1,0.6638610320657843,-0.47454519624983954,-0.4736736092984604,-0.4894421904510968,2
110,1,0.8273772438659699,0,-0.10463740114712752,0.4327933656785018,-0.4736736092984604,-0.1621689579829361,1
111,0,-1.5661069258891576,1,1.3555096219574048,-0.47454519624983954,-0.4736736092984604,0.39858208016340624,2
112,0,0.8273772438659699,0,-1.1421102859845584,0.4327933656785018,-0.4736736092984604,-0.3573908580066095,0
113,0,0.8273772438659699,1,-0.5657364610748746,-0.47454519624983954,-0.4736736092984604,-0.4863374216869257,2
114,0,0.8273772438659699,0,-0.719436147717457,0.4327933656785018,-0.4736736092984604,-0.4505983519307405,2
115,0,0.8273772438659699,0,-0.9499856776813305,-0.47454519624983954,-0.4736736092984604,-0.3573083057891445,0
116,0,0.8273772438659699,1,-0.6425863043961658,-0.47454519624983954,-0.4736736092984604,-0.4888542575852486,2
118,0,-0.3693648410115938,1,-0.027787557825836348,0.4327933656785018,-0.4736736092984604,-0.22559322262067316,2
122,0,0.8273772438659699,1,-0.10463740114712752,-0.47454519624983954,-0.4736736092984604,-0.4863374216869257,2
123,0,-0.3693648410115938,1,0.24118689379868277,0.4327933656785018,-0.4736736092984604,-0.04295550208861426,0
124,1,-0.3693648410115938,0,0.24118689379868277,-0.47454519624983954,-0.4736736092984604,-0.3866707201133388,2
126,1,0.8273772438659699,1,-1.3342348942877864,0.4327933656785018,-0.4736736092984604,-0.42207354059350805,0
127,0,0.8273772438659699,1,-0.10463740114712752,-0.47454519624983954,-0.4736736092984604,-0.49237782784290063,1
128,1,0.8273772438659699,1,-0.41203677443229225,-0.47454519624983954,-0.4736736092984604,-0.5046257580584992,2
130,0,0.8273772438659699,1,1.2018099353148226,-0.47454519624983954,-0.4736736092984604,-0.5079822104125026,2
131,0,0.8273772438659699,1,0.27961181545932834,-0.47454519624983954,-0.4736736092984604,-0.4894421904510968,0
132,0,0.8273772438659699,1,-0.719436147717457,-0.47454519624983954,-0.4736736092984604,-0.5064721088735089,2
133,0,0.8273772438659699,0,1.3555096219574048,0.4327933656785018,-0.4736736092984604,-0.35646868933346404,2
134,1,-0.3693648410115938,0,-0.027787557825836348,0.4327933656785018,-0.4736736092984604,-0.12491978668775715,2
135,0,-0.3693648410115938,1,-0.33518693111100106,-0.47454519624983954,-0.4736736092984604,-0.3866707201133388,2
136,0,-0.3693648410115938,1,-0.48888661775358344,-0.47454519624983954,-0.4736736092984604,-0.3454791770670269,0
138,0,-1.5661069258891576,1,0.5870111887444931,0.4327933656785018,-0.4736736092984604,0.4207302360686478,2
139,0,0.8273772438659699,1,-1.0268355210026217,-0.47454519624983954,-0.4736736092984604,-0.4628462821463391,2
142,1,0.8273772438659699,0,-0.5657364610748746,-0.47454519624983954,-0.4736736092984604,-0.49237782784290063,2
143,1,0.8273772438659699,0,-0.41203677443229225,0.4327933656785018,-0.4736736092984604,-0.32928686163157667,2
144,0,0.8273772438659699,1,-0.7962859910387481,-0.47454519624983954,-0.4736736092984604,-0.5125125150294839,1
145,0,-0.3693648410115938,1,-0.8731358343600393,-0.47454519624983954,-0.4736736092984604,-0.41687275089321363,2
147,1,0.8273772438659699,1,-0.1814872444684187,-0.47454519624983954,-0.4736736092984604,-0.49145565916975514,2
150,0,-0.3693648410115938,1,0.9712604053509489,-0.47454519624983954,-0.4736736092984604,-0.3866707201133388,2
151,0,-0.3693648410115938,1,1.6629089952425695,-0.47454519624983954,-0.4736736092984604,-0.39623469652696586,2
155,0,0.8273772438659699,1,-0.10463740114712752,-0.47454519624983954,-0.4736736092984604,-0.5011867534870308,2
157,1,0.8273772438659699,0,-1.0268355210026217,-0.47454519624983954,-0.4736736092984604,-0.49271407711891657,1
158,0,0.8273772438659699,1,0.04906228549545483,-0.47454519624983954,-0.4736736092984604,-0.4863374216869257,2
159,0,0.8273772438659699,1,-0.10463740114712752,-0.47454519624983954,-0.4736736092984604,-0.47400492578514347,2
162,1,-0.3693648410115938,0,0.8175607187083667,-0.47454519624983954,-0.4736736092984604,-0.331300330350235,2
163,0,0.8273772438659699,1,-0.2583370877897099,-0.47454519624983954,-0.4736736092984604,-0.4918744606632361,2
164,0,0.8273772438659699,1,-0.9499856776813305,-0.47454519624983954,-0.4736736092984604,-0.47400492578514347,2
169,0,-1.5661069258891576,1,-0.10463740114712752,-0.47454519624983954,-0.4736736092984604,-0.12642988822675086,2
174,0,0.8273772438659699,1,-0.6425863043961658,-0.47454519624983954,-0.4736736092984604,-0.4888542575852486,2
178,0,-1.5661069258891576,0,1.5860591519212783,-0.47454519624983954,-0.4736736092984604,-0.07030444769415023,0
179,0,-0.3693648410115938,1,0.04906228549545483,-0.47454519624983954,-0.4736736092984604,-0.3866707201133388,2
180,0,0.8273772438659699,1,0.5101613454232019,-0.47454519624983954,-0.4736736092984604,-0.6484216535389205,2
182,0,-0.3693648410115938,1,-0.10463740114712752,-0.47454519624983954,-0.4736736092984604,-0.34539461138084326,0
186,0,-1.5661069258891576,1,-0.10463740114712752,-0.47454519624983954,-0.4736736092984604,0.3583127057902398,2
187,1,0.8273772438659699,0,-0.10463740114712752,0.4327933656785018,-0.4736736092984604,-0.3363340021468808,1
188,1,-1.5661069258891576,1,1.2018099353148226,-0.47454519624983954,-0.4736736092984604,-0.11384570873513637,2
190,0,0.8273772438659699,1,0.5101613454232019,-0.47454519624983954,-0.4736736092984604,-0.4894421904510968,2
191,1,-0.3693648410115938,0,0.20276197213803718,-0.47454519624983954,-0.4736736092984604,-0.3866707201133388,2
192,0,-0.3693648410115938,1,-0.7962859910387481,-0.47454519624983954,-0.4736736092984604,-0.3866707201133388,2
193,1,0.8273772438659699,0,-0.7962859910387481,0.4327933656785018,-0.4736736092984604,-0.4902797934380587,2
195,1,-1.5661069258891576,0,1.1249600919935314,-0.47454519624983954,-0.4736736092984604,-0.09027201697708476,0
197,0,0.8273772438659699,1,-0.10463740114712752,-0.47454519624983954,-0.4736736092984604,-0.49237782784290063,1
199,1,0.8273772438659699,0,-0.10463740114712752,-0.47454519624983954,-0.4736736092984604,-0.49237782784290063,1
200,0,-0.3693648410115938,0,-0.41203677443229225,-0.47454519624983954,-0.4736736092984604,-0.3866707201133388,2
201,0,0.8273772438659699,1,-0.10463740114712752,-0.47454519624983954,-0.4736736092984604,-0.45714212526638004,2
203,0,0.8273772438659699,1,0.35646165878061953,-0.47454519624983954,-0.4736736092984604,-0.5176307525123133,2
204,0,0.8273772438659699,1,1.2402348569754682,-0.47454519624983954,-0.4736736092984604,-0.5029485386158568,0
205,1,0.8273772438659699,1,-0.8731358343600393,-0.47454519624983954,-0.4736736092984604,-0.4863374216869257,2
207,0,0.8273772438659699,1,0.20276197213803718,0.4327933656785018,-0.4736736092984604,-0.32928686163157667,2
208,1,0.8273772438659699,1,-0.2583370877897099,-0.47454519624983954,-0.4736736092984604,-0.2701412180209885,0
209,1,0.8273772438659699,0,-1.0268355210026217,-0.47454519624983954,-0.4736736092984604,-0.49237782784290063,1
210,1,-1.5661069258891576,1,0.8175607187083667,-0.47454519624983954,-0.4736736092984604,-0.024246350754841113,0
211,0,0.8273772438659699,1,-0.41203677443229225,-0.47454519624983954,-0.4736736092984604,-0.5064721088735089,2
212,1,-0.3693648410115938,0,0.4333115021019107,-0.47454519624983954,-0.4736736092984604,-0.22559322262067316,2
213,0,0.8273772438659699,1,-0.5657364610748746,-0.47454519624983954,-0.4736736092984604,-0.5024451714361923,2
214,0,-0.3693648410115938,1,0.04906228549545483,-0.47454519624983954,-0.4736736092984604,-0.3866707201133388,2
215,0,0.8273772438659699,1,-0.10463740114712752,0.4327933656785018,-0.4736736092984604,-0.49237782784290063,1
217,1,0.8273772438659699,0,-0.1814872444684187,-0.47454519624983954,-0.4736736092984604,-0.4888542575852486,2
218,0,-0.3693648410115938,1,0.9712604053509489,0.4327933656785018,-0.4736736092984604,-0.10478509950117394,2
220,0,-0.3693648410115938,1,0.04906228549545483,-0.47454519624983954,-0.4736736092984604,-0.43700743807979686,2
221,1,0.8273772438659699,1,-1.0268355210026217,-0.47454519624983954,-0.4736736092984604,-0.4863374216869257,2
222,0,-0.3693648410115938,1,-0.1814872444684187,-0.47454519624983954,-0.4736736092984604,-0.3866707201133388,2
223,0,0.8273772438659699,1,1.6629089952425695,-0.47454519624983954,-0.4736736092984604,-0.4863374216869257,2
224,0,0.8273772438659699,1,-0.10463740114712752,-0.47454519624983954,-0.4736736092984604,-0.4894421904510968,2
226,0,0.8273772438659699,1,-0.5657364610748746,-0.47454519624983954,-0.4736736092984604,-0.4601623283443675,2
227,1,-0.3693648410115938,1,-0.7962859910387481,-0.47454519624983954,-0.4736736092984604,-0.43700743807979686,2
228,0,0.8273772438659699,1,-0.6810112260568114,-0.47454519624983954,-0.4736736092984604,-0.5024451714361923,2
229,0,-0.3693648410115938,1,-0.8731358343600393,-0.47454519624983954,-0.4736736092984604,-0.3866707201133388,2
232,0,0.8273772438659699,1,-0.027787557825836348,-0.47454519624983954,-0.4736736092984604,-0.4918744606632361,2
235,0,-0.3693648410115938,1,-0.41203677443229225,-0.47454519624983954,-0.4736736092984604,-0.43700743807979686,2
236,0,0.8273772438659699,0,-0.10463740114712752,-0.47454519624983954,-0.4736736092984604,-0.49640476528021726,2
237,0,-0.3693648410115938,1,1.1249600919935314,0.4327933656785018,-0.4736736092984604,-0.12491978668775715,2
239,0,-0.3693648410115938,1,-0.7962859910387481,-0.47454519624983954,-0.4736736092984604,-0.43700743807979686,2
240,0,-0.3693648410115938,1,0.27961181545932834,-0.47454519624983954,-0.4736736092984604,-0.4012683683236117,2
241,0,0.8273772438659699,0,-0.10463740114712752,0.4327933656785018,-0.4736736092984604,-0.3573908580066095,0
242,1,0.8273772438659699,0,-0.10463740114712752,0.4327933656785018,-0.4736736092984604,-0.3363340021468808,1
243,0,-0.3693648410115938,1,-0.027787557825836348,-0.47454519624983954,-0.4736736092984604,-0.43700743807979686,2
244,0,0.8273772438659699,1,-0.5657364610748746,-0.47454519624983954,-0.4736736092984604,-0.5049620073345151,2
245,0,0.8273772438659699,1,0.04906228549545483,-0.47454519624983954,-0.4736736092984604,-0.5029485386158568,0
247,0,0.8273772438659699,0,-0.33518693111100106,-0.47454519624983954,-0.4736736092984604,-0.4918744606632361,2
250,0,-0.3693648410115938,1,1.893458525206443,0.4327933656785018,-0.4736736092984604,-0.12491978668775715,2
251,0,0.8273772438659699,1,-0.10463740114712752,-0.47454519624983954,-0.4736736092984604,-0.5024451714361923,2
254,0,0.8273772438659699,1,0.04906228549545483,0.4327933656785018,-0.4736736092984604,-0.32425318983493084,2
261,0,0.8273772438659699,1,-0.10463740114712752,-0.47454519624983954,-0.4736736092984604,-0.49237782784290063,1
264,0,-1.5661069258891576,1,0.8175607187083667,-0.47454519624983954,-0.4736736092984604,-0.6484216535389205,2
265,0,0.8273772438659699,0,-0.10463740114712752,-0.47454519624983954,-0.4736736092984604,-0.49237782784290063,1
266,0,-0.3693648410115938,1,0.5101613454232019,-0.47454519624983954,-0.4736736092984604,-0.43700743807979686,2
268,1,0.8273772438659699,1,-0.33518693111100106,0.4327933656785018,-0.4736736092984604,-0.4918744606632361,2
271,0,-1.5661069258891576,1,-0.10463740114712752,-0.47454519624983954,-0.4736736092984604,-0.024246350754841113,2
272,1,0.8273772438659699,1,-0.33518693111100106,-0.47454519624983954,-0.4736736092984604,-0.6484216535389205,2
275,1,0.8273772438659699,0,-0.10463740114712752,-0.47454519624983954,-0.4736736092984604,-0.49237782784290063,1
277,0,0.8273772438659699,0,1.2018099353148226,-0.47454519624983954,-0.4736736092984604,-0.49237782784290063,2
278,0,-0.3693648410115938,1,-0.10463740114712752,-0.47454519624983954,-0.4736736092984604,-0.6484216535389205,2
282,0,0.8273772438659699,1,-0.10463740114712752,-0.47454519624983954,-0.4736736092984604,-0.4902797934380587,2
283,0,0.8273772438659699,1,-1.0268355210026217,-0.47454519624983954,-0.4736736092984604,-0.45714212526638004,2
284,1,0.8273772438659699,1,-0.7962859910387481,-0.47454519624983954,-0.4736736092984604,-0.4863374216869257,2
285,0,-1.5661069258891576,1,-0.10463740114712752,-0.47454519624983954,-0.4736736092984604,-0.12491978668775715,2
286,0,0.8273772438659699,1,0.27961181545932834,-0.47454519624983954,-0.4736736092984604,-0.47400492578514347,0
287,1,0.8273772438659699,1,0.04906228549545483,-0.47454519624983954,-0.4736736092984604,-0.45714212526638004,2
288,0,0.8273772438659699,1,-0.5657364610748746,-0.47454519624983954,-0.4736736092984604,-0.4894421904510968,2
289,1,-0.3693648410115938,1,0.9712604053509489,-0.47454519624983954,-0.4736736092984604,-0.3866707201133388,2
290,1,0.8273772438659699,0,-0.5657364610748746,-0.47454519624983954,-0.4736736092984604,-0.49237782784290063,1
293,0,-0.3693648410115938,1,0.5101613454232019,-0.47454519624983954,-0.4736736092984604,-0.3891875560116617,0
294,0,0.8273772438659699,0,-0.41203677443229225,-0.47454519624983954,-0.4736736092984604,-0.4702296719376591,2
295,0,0.8273772438659699,1,-0.41203677443229225,-0.47454519624983954,-0.4736736092984604,-0.4894421904510968,2
296,0,-1.5661069258891576,1,-0.10463740114712752,-0.47454519624983954,-0.4736736092984604,-0.09027201697708476,0
297,0,0.8273772438659699,1,-0.45046169609293785,-0.47454519624983954,-0.4736736092984604,-0.5028639729296732,0
299,1,-1.5661069258891576,1,-0.10463740114712752,-0.47454519624983954,-0.4736736092984604,-0.034313694348132716,2
301,1,0.8273772438659699,0,-0.10463740114712752,-0.47454519624983954,-0.4736736092984604,-0.49237782784290063,1
302,1,0.8273772438659699,1,-0.10463740114712752,1.340131927606843,-0.4736736092984604,-0.18029017645086096,1
303,0,0.8273772438659699,1,-0.7962859910387481,-0.47454519624983954,-0.4736736092984604,-0.6484216535389205,2
304,1,-0.3693648410115938,0,-0.10463740114712752,-0.47454519624983954,-0.4736736092984604,-0.3997582667846179,1
305,0,0.8273772438659699,1,-0.10463740114712752,-0.47454519624983954,-0.4736736092984604,-0.4863374216869257,2
309,0,-0.3693648410115938,1,0.04906228549545483,0.4327933656785018,-0.4736736092984604,-0.16518916106092355,0
314,0,0.8273772438659699,1,-0.10463740114712752,-0.47454519624983954,-0.4736736092984604,-0.4894421904510968,2
316,1,0.8273772438659699,0,-0.2583370877897099,-0.47454519624983954,-0.4736736092984604,-0.4902797934380587,2
317,1,-0.3693648410115938,0,-0.41203677443229225,0.4327933656785018,-0.4736736092984604,-0.12491978668775715,2
318,0,-0.3693648410115938,1,1.893458525206443,-0.47454519624983954,-0.4736736092984604,-0.36653603292675563,2
321,0,0.8273772438659699,1,-0.5657364610748746,-0.47454519624983954,-0.4736736092984604,-0.5024451714361923,2
322,0,0.8273772438659699,1,-0.1814872444684187,-0.47454519624983954,-0.4736736092984604,-0.4894421904510968,2
323,1,-0.3693648410115938,0,0.04906228549545483,-0.47454519624983954,-0.4736736092984604,-0.3997582667846179,1
328,1,-0.3693648410115938,0,0.5101613454232019,-0.47454519624983954,-0.4736736092984604,-0.3866707201133388,2
331,1,0.8273772438659699,0,-0.10463740114712752,1.340131927606843,-0.4736736092984604,-0.18029017645086096,1
332,0,-1.5661069258891576,1,1.2402348569754682,-0.47454519624983954,-0.4736736092984604,-0.07458306872129913,2
334,0,0.8273772438659699,1,-1.0268355210026217,1.340131927606843,-0.4736736092984604,-0.2859972841804228,2
336,0,0.8273772438659699,1,-0.10463740114712752,-0.47454519624983954,-0.4736736092984604,-0.4894421904510968,2
339,1,0.8273772438659699,1,1.2018099353148226,-0.47454519624983954,-0.4736736092984604,-0.4863374216869257,2
340,0,-1.5661069258891576,1,1.2018099353148226,-0.47454519624983954,-0.4736736092984604,0.06635974158478332,2
343,0,-0.3693648410115938,1,-0.10463740114712752,-0.47454519624983954,-0.4736736092984604,-0.3866707201133388,2
344,0,-0.3693648410115938,1,-0.33518693111100106,-0.47454519624983954,-0.4736736092984604,-0.3866707201133388,2
345,0,-0.3693648410115938,1,0.5101613454232019,-0.47454519624983954,-0.4736736092984604,-0.3866707201133388,2
346,1,-0.3693648410115938,0,-0.41203677443229225,-0.47454519624983954,-0.4736736092984604,-0.3866707201133388,2
347,1,-0.3693648410115938,0,0.8175607187083667,-0.47454519624983954,-0.4736736092984604,-0.3866707201133388,2
348,1,0.8273772438659699,0,-0.10463740114712752,0.4327933656785018,-0.4736736092984604,-0.32425318983493084,2
350,0,0.8273772438659699,1,0.9712604053509489,-0.47454519624983954,-0.4736736092984604,-0.47400492578514347,2
351,0,0.8273772438659699,1,-0.48888661775358344,-0.47454519624983954,-0.4736736092984604,-0.4626791642426904,2
352,0,-1.5661069258891576,1,-0.10463740114712752,-0.47454519624983954,-0.4736736092984604,0.05629239799149171,2
354,0,0.8273772438659699,1,-0.33518693111100106,0.4327933656785018,-0.4736736092984604,-0.29002422161773944,2
355,0,0.8273772438659699,1,-0.10463740114712752,-0.47454519624983954,-0.4736736092984604,-0.5029485386158568,0
356,0,0.8273772438659699,1,-0.10463740114712752,-0.47454519624983954,-0.4736736092984604,-0.45714212526638004,2
358,0,-0.3693648410115938,0,0.6638610320657843,-0.47454519624983954,-0.4736736092984604,-0.3866707201133388,2
359,1,0.8273772438659699,0,-0.10463740114712752,-0.47454519624983954,-0.4736736092984604,-0.48977642625839407,1
360,1,0.8273772438659699,0,-0.10463740114712752,-0.47454519624983954,-0.4736736092984604,-0.48977642625839407,1
362,0,-0.3693648410115938,1,-0.027787557825836348,0.4327933656785018,-0.4736736092984604,-0.09027201697708476,0
364,0,0.8273772438659699,1,0.4333115021019107,-0.47454519624983954,-0.4736736092984604,-0.5064721088735089,2
365,0,0.8273772438659699,1,-0.10463740114712752,0.4327933656785018,-0.4736736092984604,-0.3363340021468808,1
366,0,0.8273772438659699,1,0.04906228549545483,-0.47454519624983954,-0.4736736092984604,-0.5024451714361923,2
368,1,0.8273772438659699,0,-0.10463740114712752,-0.47454519624983954,-0.4736736092984604,-0.5028639729296732,0
369,1,0.8273772438659699,0,-0.10463740114712752,-0.47454519624983954,-0.4736736092984604,-0.49237782784290063,1
372,0,0.8273772438659699,1,-0.8731358343600393,0.4327933656785018,-0.4736736092984604,-0.5176307525123133,2
373,0,0.8273772438659699,1,-0.7962859910387481,-0.47454519624983954,-0.4736736092984604,-0.4863374216869257,2
377,1,0.8273772438659699,0,-0.5657364610748746,-0.47454519624983954,-0.4736736092984604,-0.5024451714361923,2
379,0,0.8273772438659699,1,-0.719436147717457,-0.47454519624983954,-0.4736736092984604,-0.5676312212027554,0
380,0,0.8273772438659699,1,-0.7962859910387481,-0.47454519624983954,-0.4736736092984604,-0.4918744606632361,2
383,0,0.8273772438659699,1,0.20276197213803718,-0.47454519624983954,-0.4736736092984604,-0.4888542575852486,2
384,1,-1.5661069258891576,0,0.4333115021019107,0.4327933656785018,-0.4736736092984604,0.39858208016340624,2
385,0,0.8273772438659699,1,-0.10463740114712752,-0.47454519624983954,-0.4736736092984604,-0.4894421904510968,2
388,1,-0.3693648410115938,0,0.5101613454232019,-0.47454519624983954,-0.4736736092984604,-0.3866707201133388,2
389,0,0.8273772438659699,1,-0.10463740114712752,-0.47454519624983954,-0.4736736092984604,-0.49279662933638163,1
390,1,-0.3693648410115938,0,-0.9499856776813305,-0.47454519624983954,-0.4736736092984604,-0.40680540729992204,0
392,1,0.8273772438659699,1,-0.6425863043961658,-0.47454519624983954,-0.4736736092984604,-0.49145565916975514,2
393,0,0.8273772438659699,1,-0.10463740114712752,1.340131927606843,-0.4736736092984604,-0.4888542575852486,2
396,0,0.8273772438659699,1,-0.5657364610748746,-0.47454519624983954,-0.4736736092984604,-0.49145565916975514,2
397,0,0.8273772438659699,0,0.12591212881674602,-0.47454519624983954,-0.4736736092984604,-0.4902797934380587,2
398,0,-0.3693648410115938,1,1.2786597786361138,-0.47454519624983954,-0.4736736092984604,-0.12491978668775715,2
399,0,-0.3693648410115938,1,-0.48888661775358344,-0.47454519624983954,-0.4736736092984604,-0.43700743807979686,2
400,1,-0.3693648410115938,0,-0.10463740114712752,-0.47454519624983954,-0.4736736092984604,-0.393717860628643,2
401,1,0.8273772438659699,1,0.7407108753870755,-0.47454519624983954,-0.4736736092984604,-0.4888542575852486,2
402,0,0.8273772438659699,1,-0.2583370877897099,-0.47454519624983954,-0.4736736092984604,-0.4863374216869257,2
403,0,0.8273772438659699,0,-0.6425863043961658,0.4327933656785018,-0.4736736092984604,-0.4505983519307405,2
404,0,0.8273772438659699,1,-0.10463740114712752,0.4327933656785018,-0.4736736092984604,-0.32928686163157667,2
405,0,0.8273772438659699,0,-0.719436147717457,-0.47454519624983954,-0.4736736092984604,-0.47400492578514347,2
406,0,-0.3693648410115938,1,0.35646165878061953,0.4327933656785018,-0.4736736092984604,-0.22559322262067316,2
407,0,0.8273772438659699,1,1.6629089952425695,-0.47454519624983954,-0.4736736092984604,-0.49237782784290063,2
409,0,0.8273772438659699,1,-0.6425863043961658,-0.47454519624983954,-0.4736736092984604,-0.4918744606632361,2
411,0,0.8273772438659699,1,-0.10463740114712752,-0.47454519624983954,-0.4736736092984604,-0.4894421904510968,2
412,0,0.8273772438659699,1,-0.10463740114712752,-0.47454519624983954,-0.4736736092984604,-0.5103319284071769,1
414,0,-0.3693648410115938,1,-0.10463740114712752,-0.47454519624983954,-0.4736736092984604,-0.6484216535389205,2
415,1,0.8273772438659699,1,1.1249600919935314,-0.47454519624983954,-0.4736736092984604,-0.4888542575852486,2
416,0,0.8273772438659699,0,-0.10463740114712752,-0.47454519624983954,-0.4736736092984604,-0.4863374216869257,2
419,0,-0.3693648410115938,1,0.04906228549545483,-0.47454519624983954,-0.4736736092984604,-0.3866707201133388,2
421,0,0.8273772438659699,1,-0.10463740114712752,-0.47454519624983954,-0.4736736092984604,-0.4894421904510968,0
422,0,0.8273772438659699,1,-0.6425863043961658,-0.47454519624983954,-0.4736736092984604,-0.49271407711891657,1
423,0,0.8273772438659699,1,-0.027787557825836348,-0.47454519624983954,-0.4736736092984604,-0.4898609919445778,2
426,0,0.8273772438659699,1,-0.10463740114712752,-0.47454519624983954,-0.4736736092984604,-0.5024451714361923,2
427,1,-0.3693648410115938,0,-0.10463740114712752,0.4327933656785018,-0.4736736092984604,-0.12491978668775715,2
428,1,-0.3693648410115938,0,-0.7962859910387481,-0.47454519624983954,-0.4736736092984604,-0.12491978668775715,2
429,0,0.8273772438659699,1,-0.10463740114712752,-0.47454519624983954,-0.4736736092984604,-0.49237782784290063,1
430,1,0.8273772438659699,1,0.20276197213803718,-0.47454519624983954,-0.4736736092984604,-0.4863374216869257,2
431,1,-1.5661069258891576,1,-0.10463740114712752,-0.47454519624983954,-0.4736736092984604,-0.11384570873513637,2
432,1,0.8273772438659699,0,-0.10463740114712752,0.4327933656785018,-0.4736736092984604,-0.32425318983493084,2
433,1,-0.3693648410115938,0,0.9712604053509489,0.4327933656785018,-0.4736736092984604,-0.12491978668775715,2
434,0,0.8273772438659699,1,-0.9499856776813305,-0.47454519624983954,-0.4736736092984604,-0.5049620073345151,2
440,0,-0.3693648410115938,1,0.12591212881674602,-0.47454519624983954,-0.4736736092984604,-0.43700743807979686,2
442,0,0.8273772438659699,1,-0.719436147717457,-0.47454519624983954,-0.4736736092984604,-0.45714212526638004,2
443,0,0.8273772438659699,1,-0.33518693111100106,0.4327933656785018,-0.4736736092984604,-0.4918744606632361,2
444,1,-0.3693648410115938,0,-0.10463740114712752,-0.47454519624983954,-0.4736736092984604,-0.3866707201133388,2
445,1,0.8273772438659699,1,-0.10463740114712752,-0.47454519624983954,-0.4736736092984604,-0.48507900373776425,2
448,1,-1.5661069258891576,1,0.35646165878061953,-0.47454519624983954,-0.4736736092984604,-0.11384570873513637,2
450,1,-1.5661069258891576,1,1.7397588385638607,-0.47454519624983954,-0.4736736092984604,-0.034313694348132716,2
452,0,0.8273772438659699,1,-0.10463740114712752,0.4327933656785018,-0.4736736092984604,-0.2463983948905696,2
453,0,-1.5661069258891576,1,0.04906228549545483,-0.47454519624983954,-0.4736736092984604,-0.08968408411123653,0
455,0,0.8273772438659699,1,-0.10463740114712752,-0.47454519624983954,-0.4736736092984604,-0.4863374216869257,2
456,1,0.8273772438659699,1,-0.027787557825836348,-0.47454519624983954,-0.4736736092984604,-0.4894421904510968,0
458,1,-1.5661069258891576,0,-0.10463740114712752,0.4327933656785018,-0.4736736092984604,0.395813560675251,2
459,1,-0.3693648410115938,0,1.5860591519212783,-0.47454519624983954,-0.4736736092984604,-0.43700743807979686,2
460,0,0.8273772438659699,1,-0.10463740114712752,-0.47454519624983954,-0.4736736092984604,-0.49237782784290063,1
461,1,-1.5661069258891576,1,1.432359465278696,-0.47454519624983954,-0.4736736092984604,-0.11384570873513637,2
462,0,0.8273772438659699,1,0.35646165878061953,-0.47454519624983954,-0.4736736092984604,-0.4863374216869257,2
463,0,-1.5661069258891576,1,1.3555096219574048,-0.47454519624983954,-0.4736736092984604,0.12676380314453292,2
464,0,-0.3693648410115938,1,1.432359465278696,-0.47454519624983954,-0.4736736092984604,-0.3866707201133388,2
465,0,0.8273772438659699,1,-0.10463740114712752,-0.47454519624983954,-0.4736736092984604,-0.4863374216869257,2
466,0,0.8273772438659699,1,0.6638610320657843,-0.47454519624983954,-0.4736736092984604,-0.5064721088735089,2
467,0,-0.3693648410115938,1,-0.10463740114712752,-0.47454519624983954,-0.4736736092984604,-0.6484216535389205,2
469,0,0.8273772438659699,1,-0.10463740114712752,-0.47454519624983954,-0.4736736092984604,-0.4928811950225652,1
471,0,0.8273772438659699,1,-0.10463740114712752,-0.47454519624983954,-0.4736736092984604,-0.5024451714361923,2
472,0,0.8273772438659699,1,0.6638610320657843,-0.47454519624983954,-0.4736736092984604,-0.47400492578514347,2
474,1,-0.3693648410115938,0,-0.48888661775358344,-0.47454519624983954,-0.4736736092984604,-0.3707300882677209,0
475,0,0.8273772438659699,0,-0.5657364610748746,-0.47454519624983954,-0.4736736092984604,-0.45034666834090825,2
476,0,-1.5661069258891576,1,-0.10463740114712752,-0.47454519624983954,-0.4736736092984604,0.39858208016340624,2
477,0,-0.3693648410115938,1,0.35646165878061953,0.4327933656785018,-0.4736736092984604,-0.22559322262067316,2
478,0,0.8273772438659699,1,-0.027787557825836348,0.4327933656785018,-0.4736736092984604,-0.5065566745596926,2
479,0,0.8273772438659699,1,-0.5657364610748746,-0.47454519624983954,-0.4736736092984604,-0.4969926981460655,2
482,0,-0.3693648410115938,1,-0.10463740114712752,-0.47454519624983954,-0.4736736092984604,-0.6484216535389205,2
483,0,0.8273772438659699,1,1.5860591519212783,-0.47454519624983954,-0.4736736092984604,-0.4863374216869257,2
489,0,0.8273772438659699,1,0.04906228549545483,-0.47454519624983954,-0.4736736092984604,-0.4863374216869257,2
491,0,0.8273772438659699,1,-0.10463740114712752,0.4327933656785018,-0.4736736092984604,-0.2463983948905696,2
492,0,0.8273772438659699,1,-0.6425863043961658,-0.47454519624983954,-0.4736736092984604,-0.5024451714361923,2
495,0,0.8273772438659699,1,-0.6425863043961658,-0.47454519624983954,-0.4736736092984604,-0.4863374216869257,2
496,0,0.8273772438659699,1,-0.10463740114712752,-0.47454519624983954,-0.4736736092984604,-0.3573083057891445,0
498,0,0.8273772438659699,1,-0.10463740114712752,-0.47454519624983954,-0.4736736092984604,-0.3443878770215141,2
500,0,0.8273772438659699,1,-0.41203677443229225,-0.47454519624983954,-0.4736736092984604,-0.49145565916975514,2
501,0,0.8273772438659699,1,-0.9499856776813305,-0.47454519624983954,-0.4736736092984604,-0.47400492578514347,2
502,0,0.8273772438659699,0,-0.6425863043961658,-0.47454519624983954,-0.4736736092984604,-0.49237782784290063,1
503,0,0.8273772438659699,0,-0.10463740114712752,-0.47454519624983954,-0.4736736092984604,-0.4948100980550399,1
504,0,0.8273772438659699,0,0.5870111887444931,-0.47454519624983954,-0.4736736092984604,-0.455380340137554,2
508,1,-1.5661069258891576,1,-0.10463740114712752,-0.47454519624983954,-0.4736736092984604,-0.11384570873513637,2
509,0,0.8273772438659699,1,-0.10463740114712752,-0.47454519624983954,-0.4736736092984604,-0.1948878246611338,2
511,1,0.8273772438659699,1,-0.027787557825836348,-0.47454519624983954,-0.4736736092984604,-0.49237782784290063,1
512,0,0.8273772438659699,1,-0.10463740114712752,-0.47454519624983954,-0.4736736092984604,-0.4863374216869257,2
513,1,-1.5661069258891576,1,0.5101613454232019,-0.47454519624983954,-0.4736736092984604,-0.11913106412161445,2
515,0,0.8273772438659699,1,-0.41203677443229225,-0.47454519624983954,-0.4736736092984604,-0.4974960653257301,2
516,0,-1.5661069258891576,1,1.3555096219574048,-0.47454519624983954,-0.4736736092984604,0.036576512298389464,2
517,1,-0.3693648410115938,0,0.35646165878061953,-0.47454519624983954,-0.4736736092984604,-0.43700743807979686,2
518,0,0.8273772438659699,1,-0.10463740114712752,-0.47454519624983954,-0.4736736092984604,-0.1621689579829361,1
519,1,-0.3693648410115938,0,0.5101613454232019,0.4327933656785018,-0.4736736092984604,-0.12491978668775715,2
520,0,0.8273772438659699,1,0.20276197213803718,-0.47454519624983954,-0.4736736092984604,-0.4894421904510968,2
522,0,0.8273772438659699,1,-0.5657364610748746,-0.47454519624983954,-0.4736736092984604,-0.4894421904510968,2
523,0,0.8273772438659699,1,-0.10463740114712752,-0.47454519624983954,-0.4736736092984604,-0.5029485386158568,0
525,0,0.8273772438659699,1,-0.10463740114712752,-0.47454519624983954,-0.4736736092984604,-0.5028639729296732,0
526,0,0.8273772438659699,1,0.8559856403690123,-0.47454519624983954,-0.4736736092984604,-0.49237782784290063,1
527,1,-0.3693648410115938,0,1.5860591519212783,-0.47454519624983954,-0.4736736092984604,-0.43700743807979686,2
529,0,0.8273772438659699,1,0.7407108753870755,-0.47454519624983954,-0.4736736092984604,-0.4888542575852486,2
532,0,0.8273772438659699,1,-0.10463740114712752,-0.47454519624983954,-0.4736736092984604,-0.5028639729296732,0
535,0,0.8273772438659699,0,0.04906228549545483,-0.47454519624983954,-0.4736736092984604,-0.47400492578514347,2
537,0,-1.5661069258891576,1,1.2018099353148226,-0.47454519624983954,-0.4736736092984604,-0.11384570873513637,2
539,0,0.8273772438659699,1,-0.10463740114712752,-0.47454519624983954,-0.4736736092984604,-0.35646868933346404,2
544,1,-0.3693648410115938,1,0.20276197213803718,0.4327933656785018,-0.4736736092984604,-0.12491978668775715,2
547,1,-0.3693648410115938,0,-0.7962859910387481,0.4327933656785018,-0.4736736092984604,-0.12491978668775715,2
548,1,-0.3693648410115938,1,-0.10463740114712752,-0.47454519624983954,-0.4736736092984604,-0.3693045524149108,0
552,0,-0.3693648410115938,1,-0.1814872444684187,-0.47454519624983954,-0.4736736092984604,-0.12491978668775715,2
553,0,0.8273772438659699,1,-0.10463740114712752,-0.47454519624983954,-0.4736736092984604,-0.49078316061772326,1
554,1,0.8273772438659699,1,-0.5657364610748746,-0.47454519624983954,-0.4736736092984604,-0.5029485386158568,0
555,1,0.8273772438659699,0,-0.5657364610748746,-0.47454519624983954,-0.4736736092984604,-0.4918744606632361,2
557,1,-1.5661069258891576,0,1.432359465278696,0.4327933656785018,-0.4736736092984604,0.1489119590497745,0
560,1,0.8273772438659699,0,0.5101613454232019,0.4327933656785018,-0.4736736092984604,-0.29807809649237277,2
561,0,0.8273772438659699,1,-0.10463740114712752,-0.47454519624983954,-0.4736736092984604,-0.49237782784290063,1
562,0,0.8273772438659699,1,0.8175607187083667,-0.47454519624983954,-0.4736736092984604,-0.4894421904510968,2
563,0,-0.3693648410115938,1,-0.10463740114712752,-0.47454519624983954,-0.4736736092984604,-0.3766033765200472,2
564,0,0.8273772438659699,1,-0.10463740114712752,-0.47454519624983954,-0.4736736092984604,-0.4863374216869257,2
565,0,0.8273772438659699,0,-0.10463740114712752,-0.47454519624983954,-0.4736736092984604,-0.4863374216869257,2
566,0,0.8273772438659699,1,-0.41203677443229225,1.340131927606843,-0.4736736092984604,-0.1621689579829361,2
567,0,0.8273772438659699,1,-0.7962859910387481,-0.47454519624983954,-0.4736736092984604,-0.4894421904510968,2
569,0,0.8273772438659699,1,-0.10463740114712752,-0.47454519624983954,-0.4736736092984604,-0.5028639729296732,0
570,1,0.8273772438659699,1,0.20276197213803718,-0.47454519624983954,-0.4736736092984604,-0.4902797934380587,2
572,1,-1.5661069258891576,0,1.816608681885152,1.340131927606843,-0.4736736092984604,0.38809593507663365,2
573,1,-1.5661069258891576,1,0.5101613454232019,-0.47454519624983954,-0.4736736092984604,-0.11711759540295616,2
574,1,0.8273772438659699,0,-0.10463740114712752,-0.47454519624983954,-0.4736736092984604,-0.49237782784290063,1
575,0,0.8273772438659699,1,-1.0268355210026217,-0.47454519624983954,-0.4736736092984604,-0.4863374216869257,2
576,0,0.8273772438659699,1,-0.7962859910387481,-0.47454519624983954,-0.4736736092984604,-0.35646868933346404,2
577,1,-0.3693648410115938,0,0.35646165878061953,-0.47454519624983954,-0.4736736092984604,-0.3866707201133388,2
579,0,0.8273772438659699,0,-0.10463740114712752,0.4327933656785018,-0.4736736092984604,-0.3573083057891445,0
580,1,0.8273772438659699,1,0.20276197213803718,-0.47454519624983954,-0.4736736092984604,-0.4888542575852486,2
583,0,-0.3693648410115938,1,1.893458525206443,-0.47454519624983954,-0.4736736092984604,-0.12491978668775715,2
584,0,-1.5661069258891576,1,0.5101613454232019,-0.47454519624983954,-0.4736736092984604,0.15948266982273065,0
585,0,0.8273772438659699,1,-0.10463740114712752,-0.47454519624983954,-0.4736736092984604,-0.47299819142581434,0
587,0,-0.3693648410115938,1,1.3555096219574048,-0.47454519624983954,-0.4736736092984604,-0.3464013457401724,2
589,0,0.8273772438659699,1,-0.5657364610748746,-0.47454519624983954,-0.4736736092984604,-0.4863374216869257,2
590,0,0.8273772438659699,1,-0.10463740114712752,-0.47454519624983954,-0.4736736092984604,-0.4863374216869257,2
591,0,0.8273772438659699,1,0.4333115021019107,-0.47454519624983954,-0.4736736092984604,-0.5049620073345151,2
593,0,0.8273772438659699,1,1.3555096219574048,-0.47454519624983954,-0.4736736092984604,-0.5024451714361923,2
595,0,-0.3693648410115938,1,0.5870111887444931,0.4327933656785018,-0.4736736092984604,-0.12491978668775715,2
597,1,-0.3693648410115938,0,-0.10463740114712752,-0.47454519624983954,-0.4736736092984604,0.016023023618325298,2
598,0,0.8273772438659699,1,1.5092093085999871,-0.47454519624983954,-0.4736736092984604,-0.6484216535389205,2
599,0,0.8273772438659699,1,-0.10463740114712752,-0.47454519624983954,-0.4736736092984604,-0.5029485386158568,0
602,0,0.8273772438659699,1,-0.10463740114712752,-0.47454519624983954,-0.4736736092984604,-0.4894421904510968,2
603,0,-1.5661069258891576,1,-0.10463740114712752,-0.47454519624983954,-0.4736736092984604,0.2052890831722074,2
604,0,0.8273772438659699,1,1.1249600919935314,-0.47454519624983954,-0.4736736092984604,-0.4863374216869257,2
605,1,-1.5661069258891576,1,0.4333115021019107,-0.47454519624983954,-0.4736736092984604,-0.11384570873513637,0
606,0,0.8273772438659699,1,0.5101613454232019,0.4327933656785018,-0.4736736092984604,-0.3353272677875516,2
607,0,0.8273772438659699,1,0.04906228549545483,-0.47454519624983954,-0.4736736092984604,-0.4894421904510968,2
608,1,-1.5661069258891576,1,-0.1814872444684187,-0.47454519624983954,-0.4736736092984604,-0.034313694348132716,2
612,0,0.8273772438659699,1,-0.10463740114712752,-0.47454519624983954,-0.4736736092984604,-0.5064721088735089,2
613,1,0.8273772438659699,0,-0.10463740114712752,0.4327933656785018,-0.4736736092984604,-0.3363340021468808,1
614,0,0.8273772438659699,1,-0.10463740114712752,-0.47454519624983954,-0.4736736092984604,-0.49237782784290063,1
615,0,0.8273772438659699,1,0.4333115021019107,-0.47454519624983954,-0.4736736092984604,-0.4863374216869257,2
618,0,0.8273772438659699,0,-0.2583370877897099,0.4327933656785018,-0.4736736092984604,-0.32425318983493084,2
620,0,-0.3693648410115938,1,-0.2583370877897099,-0.47454519624983954,-0.4736736092984604,-0.43700743807979686,2
621,0,0.8273772438659699,1,-0.1814872444684187,0.4327933656785018,-0.4736736092984604,-0.3573908580066095,0
622,1,-1.5661069258891576,1,0.9712604053509489,0.4327933656785018,-0.4736736092984604,0.40974072380221066,2
624,0,0.8273772438659699,1,-0.6425863043961658,-0.47454519624983954,-0.4736736092984604,-0.4902797934380587,2
625,0,0.8273772438659699,1,-0.6425863043961658,-0.47454519624983954,-0.4736736092984604,-0.32425318983493084,2
629,0,0.8273772438659699,1,-0.2583370877897099,-0.47454519624983954,-0.4736736092984604,-0.4894421904510968,2
630,0,0.8273772438659699,1,-0.10463740114712752,-0.47454519624983954,-0.4736736092984604,-0.49271407711891657,1
632,0,0.8273772438659699,1,1.6629089952425695,-0.47454519624983954,-0.4736736092984604,-0.5063875431873253,2
633,1,-1.5661069258891576,1,0.20276197213803718,-0.47454519624983954,-0.4736736092984604,-0.034313694348132716,0
634,0,-1.5661069258891576,1,-0.10463740114712752,-0.47454519624983954,-0.4736736092984604,-0.6484216535389205,2
636,1,-0.3693648410115938,0,-0.10463740114712752,-0.47454519624983954,-0.4736736092984604,-0.3866707201133388,2
637,0,0.8273772438659699,1,0.20276197213803718,-0.47454519624983954,-0.4736736092984604,-0.4888542575852486,2
640,0,0.8273772438659699,1,-0.10463740114712752,0.4327933656785018,-0.4736736092984604,-0.32425318983493084,2
641,0,0.8273772438659699,1,-0.719436147717457,-0.47454519624983954,-0.4736736092984604,-0.4902797934380587,2
647,0,0.8273772438659699,1,-0.7962859910387481,-0.47454519624983954,-0.4736736092984604,-0.4894421904510968,2
649,0,0.8273772438659699,1,-0.10463740114712752,-0.47454519624983954,-0.4736736092984604,-0.49640476528021726,2
650,1,0.8273772438659699,0,-0.48888661775358344,-0.47454519624983954,-0.4736736092984604,-0.49640476528021726,2
651,0,0.8273772438659699,1,-0.10463740114712752,-0.47454519624983954,-0.4736736092984604,-0.4894421904510968,2
653,0,0.8273772438659699,1,-0.6425863043961658,-0.47454519624983954,-0.4736736092984604,-0.47861979608830835,2
654,1,0.8273772438659699,0,-0.10463740114712752,-0.47454519624983954,-0.4736736092984604,-0.49078316061772326,1
655,0,0.8273772438659699,0,-0.8731358343600393,-0.47454519624983954,-0.4736736092984604,-0.5125125150294839,1
657,0,0.8273772438659699,1,-0.10463740114712752,-0.47454519624983954,-0.4736736092984604,-0.4894421904510968,2
659,0,-0.3693648410115938,1,-0.48888661775358344,-0.47454519624983954,-0.4736736092984604,-0.3866707201133388,2
662,0,0.8273772438659699,1,0.8175607187083667,-0.47454519624983954,-0.4736736092984604,-0.5029485386158568,0
663,0,-1.5661069258891576,1,1.3555096219574048,-0.47454519624983954,-0.4736736092984604,-0.13322534515222276,2
664,0,0.8273772438659699,1,0.5101613454232019,-0.47454519624983954,-0.4736736092984604,-0.4974960653257301,2
665,1,0.8273772438659699,1,-0.719436147717457,0.4327933656785018,-0.4736736092984604,-0.4888542575852486,2
667,0,-0.3693648410115938,1,-0.33518693111100106,-0.47454519624983954,-0.4736736092984604,-0.3866707201133388,2
668,0,0.8273772438659699,1,-0.10463740114712752,-0.47454519624983954,-0.4736736092984604,-0.4918744606632361,2
669,0,0.8273772438659699,1,1.0481102486722402,-0.47454519624983954,-0.4736736092984604,-0.4863374216869257,2
670,1,-1.5661069258891576,0,-0.10463740114712752,0.4327933656785018,-0.4736736092984604,0.39858208016340624,2
672,0,-1.5661069258891576,1,0.12591212881674602,0.4327933656785018,-0.4736736092984604,0.39858208016340624,2
674,1,-0.3693648410115938,1,0.12591212881674602,-0.47454519624983954,-0.4736736092984604,-0.3866707201133388,2
675,0,-0.3693648410115938,1,-0.10463740114712752,-0.47454519624983954,-0.4736736092984604,-0.6484216535389205,2
676,0,0.8273772438659699,1,-0.8731358343600393,-0.47454519624983954,-0.4736736092984604,-0.4918744606632361,2
677,0,0.8273772438659699,1,-0.37361185277164666,-0.47454519624983954,-0.4736736092984604,-0.4863374216869257,2
678,1,0.8273772438659699,0,-0.8731358343600393,-0.47454519624983954,-0.4736736092984604,-0.45026210265472455,2
681,0,0.8273772438659699,0,-0.10463740114712752,-0.47454519624983954,-0.4736736092984604,-0.48457563655809965,1
683,0,0.8273772438659699,1,-0.719436147717457,-0.47454519624983954,-0.4736736092984604,-0.4626791642426904,2
688,0,0.8273772438659699,1,-0.7962859910387481,-0.47454519624983954,-0.4736736092984604,-0.44363577710162005,2
689,0,0.8273772438659699,1,-0.8731358343600393,-0.47454519624983954,-0.4736736092984604,-0.49145565916975514,2
694,0,0.8273772438659699,1,-0.33518693111100106,-0.47454519624983954,-0.4736736092984604,-0.5029485386158568,0
696,0,-0.3693648410115938,1,1.7397588385638607,-0.47454519624983954,-0.4736736092984604,-0.3766033765200472,2
697,0,0.8273772438659699,1,1.1249600919935314,-0.47454519624983954,-0.4736736092984604,-0.4863374216869257,2
698,1,0.8273772438659699,0,-0.10463740114712752,-0.47454519624983954,-0.4736736092984604,-0.49271407711891657,1
700,0,0.8273772438659699,1,0.9712604053509489,-0.47454519624983954,-0.4736736092984604,-0.494391296561559,2
702,1,-1.5661069258891576,1,0.4333115021019107,-0.47454519624983954,-0.4736736092984604,-0.11913106412161445,2
704,0,0.8273772438659699,1,-0.33518693111100106,-0.47454519624983954,-0.4736736092984604,-0.4925449457465493,1
705,0,0.8273772438659699,1,-0.2583370877897099,0.4327933656785018,-0.4736736092984604,-0.4902797934380587,2
706,0,-0.3693648410115938,1,0.7407108753870755,-0.47454519624983954,-0.4736736092984604,-0.12491978668775715,2
707,1,-0.3693648410115938,0,1.2018099353148226,-0.47454519624983954,-0.4736736092984604,-0.3766033765200472,2
708,1,-1.5661069258891576,1,0.9712604053509489,-0.47454519624983954,-0.4736736092984604,-0.11913106412161445,2
711,1,-1.5661069258891576,0,-0.41203677443229225,-0.47454519624983954,-0.4736736092984604,0.3483299278831318,0
712,0,-1.5661069258891576,1,-0.10463740114712752,-0.47454519624983954,-0.4736736092984604,-0.11384570873513637,2
713,1,-1.5661069258891576,1,1.432359465278696,0.4327933656785018,-0.4736736092984604,0.39858208016340624,2
714,0,0.8273772438659699,1,-0.027787557825836348,-0.47454519624983954,-0.4736736092984604,-0.457478374542396,2
715,0,-0.3693648410115938,1,1.7397588385638607,-0.47454519624983954,-0.4736736092984604,-0.3866707201133388,2
716,0,0.8273772438659699,1,-0.7962859910387481,-0.47454519624983954,-0.4736736092984604,-0.494391296561559,2
718,1,-0.3693648410115938,0,-0.1814872444684187,-0.47454519624983954,-0.4736736092984604,-0.43700743807979686,2
719,0,0.8273772438659699,1,-0.10463740114712752,-0.47454519624983954,-0.4736736092984604,-0.3363340021468808,1
720,0,0.8273772438659699,1,0.27961181545932834,-0.47454519624983954,-0.4736736092984604,-0.4918744606632361,2
722,0,0.8273772438659699,1,-0.9499856776813305,0.4327933656785018,-0.4736736092984604,-0.5063875431873253,2
723,0,-0.3693648410115938,1,0.35646165878061953,-0.47454519624983954,-0.4736736092984604,-0.3866707201133388,2
724,0,-0.3693648410115938,1,1.5860591519212783,-0.47454519624983954,-0.4736736092984604,-0.3866707201133388,2
725,1,-1.5661069258891576,1,-0.1814872444684187,0.4327933656785018,-0.4736736092984604,0.4207302360686478,2
726,0,0.8273772438659699,1,-0.719436147717457,-0.47454519624983954,-0.4736736092984604,-0.47400492578514347,2
728,1,0.8273772438659699,0,-0.10463740114712752,-0.47454519624983954,-0.4736736092984604,-0.4926295114327329,1
729,0,-0.3693648410115938,1,-0.33518693111100106,0.4327933656785018,-0.4736736092984604,-0.12491978668775715,2
730,0,0.8273772438659699,0,-0.33518693111100106,0.4327933656785018,-0.4736736092984604,-0.4888542575852486,2
732,0,0.8273772438659699,1,-1.4110847376090776,-0.47454519624983954,-0.4736736092984604,-0.2701412180209885,0
733,0,-0.3693648410115938,1,-0.10463740114712752,-0.47454519624983954,-0.4736736092984604,-0.6484216535389205,2
734,0,-0.3693648410115938,1,-0.48888661775358344,-0.47454519624983954,-0.4736736092984604,-0.3866707201133388,2
735,0,-0.3693648410115938,1,-0.48888661775358344,-0.47454519624983954,-0.4736736092984604,-0.3866707201133388,2
736,0,0.8273772438659699,1,-0.06621247948648194,-0.47454519624983954,-0.4736736092984604,-0.32425318983493084,2
739,0,0.8273772438659699,1,-0.10463740114712752,-0.47454519624983954,-0.4736736092984604,-0.4894421904510968,2
740,0,0.8273772438659699,1,-0.10463740114712752,-0.47454519624983954,-0.4736736092984604,-0.4894421904510968,2
741,1,-1.5661069258891576,1,-0.10463740114712752,-0.47454519624983954,-0.4736736092984604,-0.04438103794142432,2
744,0,0.8273772438659699,1,-0.41203677443229225,0.4327933656785018,-0.4736736092984604,-0.32425318983493084,2
745,1,0.8273772438659699,1,0.12591212881674602,-0.47454519624983954,-0.4736736092984604,-0.4888542575852486,2
748,1,-0.3693648410115938,0,0.04906228549545483,-0.47454519624983954,-0.4736736092984604,-0.3866707201133388,2
749,0,-1.5661069258891576,1,-0.7962859910387481,0.4327933656785018,-0.4736736092984604,0.4207302360686478,2
750,0,0.8273772438659699,1,0.12591212881674602,-0.47454519624983954,-0.4736736092984604,-0.49237782784290063,1
753,0,0.8273772438659699,1,0.27961181545932834,-0.47454519624983954,-0.4736736092984604,-0.45714212526638004,2
754,0,0.8273772438659699,1,-0.48888661775358344,-0.47454519624983954,-0.4736736092984604,-0.4894421904510968,2
757,0,0.8273772438659699,1,-0.10463740114712752,-0.47454519624983954,-0.4736736092984604,-0.49145565916975514,2
758,0,-0.3693648410115938,1,-0.8731358343600393,-0.47454519624983954,-0.4736736092984604,-0.41687275089321363,2
759,0,0.8273772438659699,1,0.35646165878061953,-0.47454519624983954,-0.4736736092984604,-0.4863374216869257,2
761,0,0.8273772438659699,1,-0.10463740114712752,-0.47454519624983954,-0.4736736092984604,-0.35646868933346404,2
762,0,0.8273772438659699,1,0.8944105620296577,-0.47454519624983954,-0.4736736092984604,-0.5049620073345151,2
763,1,0.8273772438659699,1,-0.719436147717457,-0.47454519624983954,-0.4736736092984604,-0.5028639729296732,0
765,0,0.8273772438659699,1,-1.0268355210026217,-0.47454519624983954,-0.4736736092984604,-0.4918744606632361,2
767,0,-1.5661069258891576,1,-0.10463740114712752,-0.47454519624983954,-0.4736736092984604,0.1489119590497745,0
768,0,0.8273772438659699,0,0.08748720715610042,-0.47454519624983954,-0.4736736092984604,-0.49237782784290063,1
769,0,0.8273772438659699,1,-0.10463740114712752,0.4327933656785018,-0.4736736092984604,-0.1621689579829361,1
770,0,0.8273772438659699,1,0.20276197213803718,-0.47454519624983954,-0.4736736092984604,-0.4800453319411184,2
771,0,0.8273772438659699,1,-0.41203677443229225,-0.47454519624983954,-0.4736736092984604,-0.45714212526638004,2
772,0,0.8273772438659699,1,1.432359465278696,-0.47454519624983954,-0.4736736092984604,-0.4902797934380587,2
774,0,0.8273772438659699,1,-0.10463740114712752,-0.47454519624983954,-0.4736736092984604,-0.5029485386158568,0
776,0,0.8273772438659699,1,-0.8731358343600393,-0.47454519624983954,-0.4736736092984604,-0.49237782784290063,2
777,0,0.8273772438659699,1,-0.10463740114712752,-0.47454519624983954,-0.4736736092984604,-0.49237782784290063,1
778,1,0.8273772438659699,0,-1.8721837975368247,-0.47454519624983954,-0.4736736092984604,-0.397241430886295,2
779,0,0.8273772438659699,1,-0.10463740114712752,-0.47454519624983954,-0.4736736092984604,-0.4926295114327329,1
781,1,0.8273772438659699,0,-1.2573850509664952,-0.47454519624983954,-0.4736736092984604,-0.5028639729296732,0
783,0,-1.5661069258891576,1,-0.027787557825836348,-0.47454519624983954,-0.4736736092984604,-0.04438103794142432,2
785,0,0.8273772438659699,1,-0.33518693111100106,-0.47454519624983954,-0.4736736092984604,-0.5064721088735089,2
786,0,0.8273772438659699,1,-0.33518693111100106,-0.47454519624983954,-0.4736736092984604,-0.5024451714361923,2
787,1,0.8273772438659699,0,-0.8731358343600393,-0.47454519624983954,-0.4736736092984604,-0.4974960653257301,2
791,0,0.8273772438659699,1,-0.10463740114712752,-0.47454519624983954,-0.4736736092984604,-0.49237782784290063,1
792,0,-0.3693648410115938,1,-1.0268355210026217,-0.47454519624983954,-0.4736736092984604,-0.12491978668775715,2
794,0,-1.5661069258891576,1,-0.10463740114712752,-0.47454519624983954,-0.4736736092984604,-0.030371322596999754,0
795,0,0.8273772438659699,1,-0.33518693111100106,-0.47454519624983954,-0.4736736092984604,-0.4894421904510968,2
796,0,-0.3693648410115938,1,0.7407108753870755,-0.47454519624983954,-0.4736736092984604,-0.3866707201133388,2
797,1,-1.5661069258891576,0,1.5092093085999871,-0.47454519624983954,-0.4736736092984604,-0.1263453225405672,2
798,1,0.8273772438659699,0,0.12591212881674602,-0.47454519624983954,-0.4736736092984604,-0.4735861242916626,2
799,0,0.8273772438659699,1,0.04906228549545483,-0.47454519624983954,-0.4736736092984604,-0.5028639729296732,0
801,0,-0.3693648410115938,1,0.35646165878061953,-0.47454519624983954,-0.4736736092984604,-0.3866707201133388,2
805,1,0.8273772438659699,1,-0.1814872444684187,-0.47454519624983954,-0.4736736092984604,-0.5079822104125026,2
806,0,0.8273772438659699,1,0.12591212881674602,-0.47454519624983954,-0.4736736092984604,-0.4918744606632361,2
807,0,-1.5661069258891576,1,0.7407108753870755,-0.47454519624983954,-0.4736736092984604,-0.6484216535389205,2
808,0,0.8273772438659699,0,-0.8731358343600393,-0.47454519624983954,-0.4736736092984604,-0.4918744606632361,2
809,0,-0.3693648410115938,1,0.7407108753870755,-0.47454519624983954,-0.4736736092984604,-0.3866707201133388,2
810,1,-1.5661069258891576,0,0.27961181545932834,0.4327933656785018,-0.4736736092984604,0.4207302360686478,2
811,0,0.8273772438659699,1,-0.2583370877897099,-0.47454519624983954,-0.4736736092984604,-0.4896093083547455,2
812,0,0.8273772438659699,1,0.7407108753870755,-0.47454519624983954,-0.4736736092984604,-0.1621689579829361,2
813,0,-0.3693648410115938,1,0.4333115021019107,-0.47454519624983954,-0.4736736092984604,-0.43700743807979686,2
815,0,0.8273772438659699,1,0.08748720715610042,-0.47454519624983954,-0.4736736092984604,-0.4863374216869257,2
816,0,-1.5661069258891576,1,-0.10463740114712752,-0.47454519624983954,-0.4736736092984604,-0.6484216535389205,2
817,0,0.8273772438659699,0,-0.48888661775358344,-0.47454519624983954,-0.4736736092984604,-0.4888542575852486,2
819,0,0.8273772438659699,1,1.0481102486722402,-0.47454519624983954,-0.4736736092984604,-0.5185529211854588,2
822,1,0.8273772438659699,1,-0.1814872444684187,-0.47454519624983954,-0.4736736092984604,-0.47400492578514347,2
823,0,-1.5661069258891576,1,0.6638610320657843,-0.47454519624983954,-0.4736736092984604,-0.6484216535389205,2
826,0,0.8273772438659699,1,-0.10463740114712752,-0.47454519624983954,-0.4736736092984604,-0.5084855775921673,1
829,1,0.8273772438659699,1,-0.10463740114712752,-0.47454519624983954,-0.4736736092984604,-0.49237782784290063,1
831,1,0.8273772438659699,0,-1.1036853643239128,0.4327933656785018,-0.4736736092984604,-0.3573908580066095,0
833,0,0.8273772438659699,1,-0.10463740114712752,-0.47454519624983954,-0.4736736092984604,-0.5028639729296732,0
834,0,0.8273772438659699,1,-0.48888661775358344,-0.47454519624983954,-0.4736736092984604,-0.4902797934380587,2
835,0,0.8273772438659699,1,-0.8731358343600393,-0.47454519624983954,-0.4736736092984604,-0.48130374989027985,2
837,0,0.8273772438659699,1,-0.6425863043961658,-0.47454519624983954,-0.4736736092984604,-0.47400492578514347,2
838,0,0.8273772438659699,1,-0.10463740114712752,-0.47454519624983954,-0.4736736092984604,-0.4863374216869257,2
840,1,-1.5661069258891576,1,-0.10463740114712752,-0.47454519624983954,-0.4736736092984604,-0.05042144409739929,0
841,0,0.8273772438659699,1,-0.719436147717457,-0.47454519624983954,-0.4736736092984604,-0.4888542575852486,2
842,0,-0.3693648410115938,1,-1.0268355210026217,-0.47454519624983954,-0.4736736092984604,-0.43700743807979686,2
843,1,-1.5661069258891576,0,0.04906228549545483,-0.47454519624983954,-0.4736736092984604,-0.024246350754841113,0
844,0,0.8273772438659699,1,0.3948865804412651,-0.47454519624983954,-0.4736736092984604,-0.5188046047752911,0
845,0,0.8273772438659699,1,-0.9499856776813305,-0.47454519624983954,-0.4736736092984604,-0.47400492578514347,2
846,0,0.8273772438659699,1,0.9712604053509489,-0.47454519624983954,-0.4736736092984604,-0.49640476528021726,2
848,0,0.8273772438659699,1,0.4333115021019107,-0.47454519624983954,-0.4736736092984604,-0.4894421904510968,0
855,0,-0.3693648410115938,0,1.1249600919935314,0.4327933656785018,-0.4736736092984604,-0.12491978668775715,2
858,1,-1.5661069258891576,1,1.6629089952425695,-0.47454519624983954,-0.4736736092984604,-0.11384570873513637,2
860,0,0.8273772438659699,1,-0.10463740114712752,-0.47454519624983954,-0.4736736092984604,-0.5028639729296732,0
861,0,0.8273772438659699,1,0.8944105620296577,1.340131927606843,-0.4736736092984604,-0.36435544630444866,2
862,0,-0.3693648410115938,1,-0.6425863043961658,0.4327933656785018,-0.4736736092984604,-0.41687275089321363,2
863,1,-1.5661069258891576,0,1.432359465278696,-0.47454519624983954,-0.4736736092984604,-0.1263453225405672,2
865,0,-0.3693648410115938,1,-0.41203677443229225,-0.47454519624983954,-0.4736736092984604,-0.3866707201133388,2
866,1,-0.3693648410115938,0,0.9712604053509489,-0.47454519624983954,-0.4736736092984604,-0.3866707201133388,2
867,1,-0.3693648410115938,0,-0.1814872444684187,0.4327933656785018,-0.4736736092984604,-0.3693891181010945,0
868,0,-1.5661069258891576,1,0.12591212881674602,-0.47454519624983954,-0.4736736092984604,0.3682954836973478,2
869,0,0.8273772438659699,1,-0.10463740114712752,-0.47454519624983954,-0.4736736092984604,-0.45714212526638004,2
871,0,0.8273772438659699,1,-0.2583370877897099,-0.47454519624983954,-0.4736736092984604,-0.4894421904510968,2
873,0,-1.5661069258891576,1,0.27961181545932834,-0.47454519624983954,-0.4736736092984604,-0.5477482176060045,2
874,0,0.8273772438659699,1,1.3555096219574048,-0.47454519624983954,-0.4736736092984604,-0.46720946885967163,2
875,1,-0.3693648410115938,0,-0.10463740114712752,0.4327933656785018,-0.4736736092984604,-0.16518916106092355,0
876,1,0.8273772438659699,0,-1.1036853643239128,-0.47454519624983954,-0.4736736092984604,-0.5029485386158568,0
877,0,0.8273772438659699,1,-0.719436147717457,-0.47454519624983954,-0.4736736092984604,-0.45017955043725955,2
878,0,0.8273772438659699,1,-0.7962859910387481,-0.47454519624983954,-0.4736736092984604,-0.4894421904510968,2
879,0,0.8273772438659699,1,-0.10463740114712752,-0.47454519624983954,-0.4736736092984604,-0.4894421904510968,2
882,0,0.8273772438659699,1,0.27961181545932834,-0.47454519624983954,-0.4736736092984604,-0.4894421904510968,2
883,0,0.8273772438659699,0,-0.5657364610748746,-0.47454519624983954,-0.4736736092984604,-0.4366711888037809,2
884,0,-0.3693648410115938,1,-0.10463740114712752,-0.47454519624983954,-0.4736736092984604,-0.43700743807979686,2
885,0,0.8273772438659699,1,-0.33518693111100106,-0.47454519624983954,-0.4736736092984604,-0.5064721088735089,2
887,0,-0.3693648410115938,1,-0.1814872444684187,-0.47454519624983954,-0.4736736092984604,-0.3866707201133388,2
888,1,-1.5661069258891576,0,-0.7962859910387481,-0.47454519624983954,-0.4736736092984604,-0.04438103794142432,2
890,1,-1.5661069258891576,1,-0.2583370877897099,-0.47454519624983954,-0.4736736092984604,-0.04438103794142432,0
891,0,0.8273772438659699,1,0.20276197213803718,-0.47454519624983954,-0.4736736092984604,-0.49237782784290063,1
